year,crime_type,crime_count
2001,THEFT,97292
2001,BATTERY,93244
2001,CRIMINAL DAMAGE,54957
2001,NARCOTICS,50540
2001,ASSAULT,31297
2001,OTHER OFFENSE,29163
2001,MOTOR VEHICLE THEFT,26969
2001,BURGLARY,25706
2001,ROBBERY,18398
2001,DECEPTIVE PRACTICE,14144
2001,CRIMINAL TRESPASS,13220
2001,PROSTITUTION,6021
2001,WEAPONS VIOLATION,4273
2001,PUBLIC PEACE VIOLATION,2743
2001,SEX OFFENSE,2153
2001,OFFENSE INVOLVING CHILDREN,2137
2001,CRIM SEXUAL ASSAULT,1716
2001,LIQUOR LAW VIOLATION,1637
2001,ARSON,1009
2001,GAMBLING,934
2001,KIDNAPPING,930
2001,HOMICIDE,667
2001,INTERFERENCE WITH PUBLIC OFFICER,405
2001,INTIMIDATION,279
2001,STALKING,203
2001,CRIMINAL SEXUAL ASSAULT,37
2001,OBSCENITY,18
2001,PUBLIC INDECENCY,9
2001,RITUALISM,8
2001,OTHER NARCOTIC VIOLATION,6
2001,CONCEALED CARRY LICENSE VIOLATION,1
2001,DOMESTIC VIOLENCE,1
2002,THEFT,95438
2002,BATTERY,93944
2002,CRIMINAL DAMAGE,54462
2002,NARCOTICS,51742
2002,OTHER OFFENSE,31754
2002,ASSAULT,31439
2002,BURGLARY,25215
2002,MOTOR VEHICLE THEFT,24401
2002,ROBBERY,18486
2002,CRIMINAL TRESPASS,13850
2002,DECEPTIVE PRACTICE,12859
2002,PROSTITUTION,6402
2002,WEAPONS VIOLATION,4279
2002,PUBLIC PEACE VIOLATION,2449
2002,OFFENSE INVOLVING CHILDREN,2434
2002,SEX OFFENSE,2125
2002,CRIM SEXUAL ASSAULT,1754
2002,LIQUOR LAW VIOLATION,1414
2002,ARSON,1029
2002,GAMBLING,970
2002,KIDNAPPING,828
2002,HOMICIDE,657
2002,INTERFERENCE WITH PUBLIC OFFICER,360
2002,INTIMIDATION,335
2002,STALKING,196
2002,CRIMINAL SEXUAL ASSAULT,35
2002,OBSCENITY,26
2002,PUBLIC INDECENCY,8
2002,OTHER NARCOTIC VIOLATION,5
2002,RITUALISM,2
2003,THEFT,95633
2003,BATTERY,88205
2003,NARCOTICS,54221
2003,CRIMINAL DAMAGE,53377
2003,OTHER OFFENSE,30240
2003,ASSAULT,29419
2003,BURGLARY,24684
2003,MOTOR VEHICLE THEFT,21928
2003,ROBBERY,17291
2003,CRIMINAL TRESPASS,14773
2003,DECEPTIVE PRACTICE,12551
2003,PROSTITUTION,6203
2003,WEAPONS VIOLATION,4202
2003,OFFENSE INVOLVING CHILDREN,2827
2003,PUBLIC PEACE VIOLATION,2419
2003,SEX OFFENSE,2024
2003,CRIM SEXUAL ASSAULT,1499
2003,LIQUOR LAW VIOLATION,1311
2003,GAMBLING,1086
2003,ARSON,953
2003,KIDNAPPING,704
2003,HOMICIDE,604
2003,INTERFERENCE WITH PUBLIC OFFICER,405
2003,INTIMIDATION,358
2003,STALKING,244
2003,CRIMINAL SEXUAL ASSAULT,45
2003,OBSCENITY,16
2003,PUBLIC INDECENCY,6
2003,RITUALISM,2
2003,OTHER NARCOTIC VIOLATION,2
2004,THEFT,92446
2004,BATTERY,86970
2004,NARCOTICS,56992
2004,CRIMINAL DAMAGE,51444
2004,ASSAULT,28784
2004,OTHER OFFENSE,28731
2004,BURGLARY,24135
2004,MOTOR VEHICLE THEFT,22043
2004,ROBBERY,15949
2004,CRIMINAL TRESPASS,15881
2004,DECEPTIVE PRACTICE,12455
2004,PROSTITUTION,7458
2004,WEAPONS VIOLATION,4295
2004,OFFENSE INVOLVING CHILDREN,2853
2004,PUBLIC PEACE VIOLATION,2487
2004,SEX OFFENSE,1759
2004,CRIM SEXUAL ASSAULT,1457
2004,GAMBLING,1120
2004,LIQUOR LAW VIOLATION,984
2004,ARSON,775
2004,INTERFERENCE WITH PUBLIC OFFICER,530
2004,KIDNAPPING,482
2004,HOMICIDE,455
2004,INTIMIDATION,346
2004,STALKING,212
2004,CRIMINAL SEXUAL ASSAULT,51
2004,OBSCENITY,13
2004,OTHER NARCOTIC VIOLATION,9
2004,PUBLIC INDECENCY,9
2004,RITUALISM,1
2005,BATTERY,83803
2005,THEFT,83227
2005,NARCOTICS,56212
2005,CRIMINAL DAMAGE,53068
2005,OTHER OFFENSE,27225
2005,ASSAULT,27005
2005,BURGLARY,25121
2005,MOTOR VEHICLE THEFT,21792
2005,CRIMINAL TRESPASS,16632
2005,ROBBERY,16021
2005,DECEPTIVE PRACTICE,12786
2005,PROSTITUTION,6123
2005,WEAPONS VIOLATION,4101
2005,PUBLIC PEACE VIOLATION,2721
2005,OFFENSE INVOLVING CHILDREN,2665
2005,SEX OFFENSE,1758
2005,CRIM SEXUAL ASSAULT,1425
2005,GAMBLING,1078
2005,LIQUOR LAW VIOLATION,1004
2005,ARSON,687
2005,INTERFERENCE WITH PUBLIC OFFICER,615
2005,HOMICIDE,452
2005,KIDNAPPING,389
2005,INTIMIDATION,258
2005,STALKING,190
2005,CRIMINAL SEXUAL ASSAULT,47
2005,OBSCENITY,18
2005,OTHER NARCOTIC VIOLATION,9
2005,PUBLIC INDECENCY,4
2005,RITUALISM,2
2006,THEFT,83297
2006,BATTERY,80492
2006,NARCOTICS,55781
2006,CRIMINAL DAMAGE,55282
2006,OTHER OFFENSE,26158
2006,ASSAULT,25881
2006,BURGLARY,23880
2006,MOTOR VEHICLE THEFT,20955
2006,ROBBERY,15940
2006,CRIMINAL TRESPASS,14475
2006,DECEPTIVE PRACTICE,12678
2006,PROSTITUTION,7028
2006,WEAPONS VIOLATION,3818
2006,PUBLIC PEACE VIOLATION,3048
2006,OFFENSE INVOLVING CHILDREN,2538
2006,SEX OFFENSE,1512
2006,GAMBLING,1368
2006,CRIM SEXUAL ASSAULT,1357
2006,LIQUOR LAW VIOLATION,1134
2006,INTERFERENCE WITH PUBLIC OFFICER,758
2006,ARSON,726
2006,HOMICIDE,478
2006,KIDNAPPING,338
2006,INTIMIDATION,270
2006,STALKING,183
2006,CRIMINAL SEXUAL ASSAULT,51
2006,OBSCENITY,16
2006,OTHER NARCOTIC VIOLATION,9
2006,RITUALISM,7
2006,PUBLIC INDECENCY,4
2007,THEFT,81808
2007,BATTERY,79421
2007,NARCOTICS,54415
2007,CRIMINAL DAMAGE,51562
2007,ASSAULT,26236
2007,OTHER OFFENSE,25816
2007,BURGLARY,24374
2007,MOTOR VEHICLE THEFT,17958
2007,ROBBERY,15422
2007,CRIMINAL TRESPASS,13665
2007,DECEPTIVE PRACTICE,13133
2007,PROSTITUTION,6079
2007,WEAPONS VIOLATION,3548
2007,PUBLIC PEACE VIOLATION,3301
2007,OFFENSE INVOLVING CHILDREN,2706
2007,SEX OFFENSE,1478
2007,CRIM SEXUAL ASSAULT,1433
2007,GAMBLING,1406
2007,LIQUOR LAW VIOLATION,1168
2007,ARSON,711
2007,INTERFERENCE WITH PUBLIC OFFICER,676
2007,HOMICIDE,448
2007,KIDNAPPING,329
2007,INTIMIDATION,248
2007,STALKING,206
2007,CRIMINAL SEXUAL ASSAULT,59
2007,OTHER NARCOTIC VIOLATION,12
2007,OBSCENITY,11
2007,PUBLIC INDECENCY,5
2007,RITUALISM,1
2008,THEFT,84716
2008,BATTERY,75707
2008,CRIMINAL DAMAGE,50688
2008,NARCOTICS,46459
2008,BURGLARY,25717
2008,OTHER OFFENSE,25409
2008,ASSAULT,25325
2008,MOTOR VEHICLE THEFT,18081
2008,ROBBERY,16651
2008,DECEPTIVE PRACTICE,13819
2008,CRIMINAL TRESPASS,12246
2008,PROSTITUTION,5138
2008,WEAPONS VIOLATION,3873
2008,PUBLIC PEACE VIOLATION,2997
2008,OFFENSE INVOLVING CHILDREN,2457
2008,CRIM SEXUAL ASSAULT,1428
2008,SEX OFFENSE,1428
2008,GAMBLING,1199
2008,LIQUOR LAW VIOLATION,912
2008,ARSON,643
2008,INTERFERENCE WITH PUBLIC OFFICER,577
2008,HOMICIDE,513
2008,KIDNAPPING,358
2008,INTIMIDATION,253
2008,STALKING,188
2008,CRIMINAL SEXUAL ASSAULT,57
2008,OBSCENITY,13
2008,OTHER NARCOTIC VIOLATION,12
2008,PUBLIC INDECENCY,4
2009,THEFT,78191
2009,BATTERY,68260
2009,CRIMINAL DAMAGE,46107
2009,NARCOTICS,43504
2009,BURGLARY,26341
2009,OTHER OFFENSE,24704
2009,ASSAULT,22768
2009,ROBBERY,15937
2009,MOTOR VEHICLE THEFT,15012
2009,DECEPTIVE PRACTICE,12989
2009,CRIMINAL TRESPASS,10809
2009,WEAPONS VIOLATION,4155
2009,PROSTITUTION,3937
2009,PUBLIC PEACE VIOLATION,3137
2009,OFFENSE INVOLVING CHILDREN,2412
2009,CRIM SEXUAL ASSAULT,1314
2009,SEX OFFENSE,1193
2009,GAMBLING,991
2009,LIQUOR LAW VIOLATION,744
2009,ARSON,612
2009,INTERFERENCE WITH PUBLIC OFFICER,571
2009,HOMICIDE,460
2009,KIDNAPPING,291
2009,INTIMIDATION,226
2009,STALKING,163
2009,CRIMINAL SEXUAL ASSAULT,52
2009,OBSCENITY,20
2009,PUBLIC INDECENCY,10
2009,OTHER NARCOTIC VIOLATION,7
2010,THEFT,75061
2010,BATTERY,65218
2010,NARCOTICS,43340
2010,CRIMINAL DAMAGE,39780
2010,BURGLARY,26135
2010,OTHER OFFENSE,21572
2010,ASSAULT,21486
2010,MOTOR VEHICLE THEFT,18666
2010,ROBBERY,14236
2010,DECEPTIVE PRACTICE,11945
2010,CRIMINAL TRESPASS,9368
2010,WEAPONS VIOLATION,3699
2010,PUBLIC PEACE VIOLATION,3533
2010,PROSTITUTION,2483
2010,OFFENSE INVOLVING CHILDREN,2375
2010,CRIM SEXUAL ASSAULT,1249
2010,SEX OFFENSE,1083
2010,GAMBLING,926
2010,INTERFERENCE WITH PUBLIC OFFICER,795
2010,LIQUOR LAW VIOLATION,734
2010,ARSON,522
2010,HOMICIDE,438
2010,KIDNAPPING,311
2010,INTIMIDATION,196
2010,STALKING,183
2010,CRIMINAL SEXUAL ASSAULT,60
2010,OBSCENITY,33
2010,PUBLIC INDECENCY,7
2010,OTHER NARCOTIC VIOLATION,6
2010,HUMAN TRAFFICKING,1
2011,THEFT,73665
2011,BATTERY,60283
2011,NARCOTICS,38564
2011,CRIMINAL DAMAGE,36591
2011,BURGLARY,26324
2011,ASSAULT,20379
2011,OTHER OFFENSE,19895
2011,MOTOR VEHICLE THEFT,18998
2011,ROBBERY,13947
2011,DECEPTIVE PRACTICE,12136
2011,CRIMINAL TRESPASS,8640
2011,WEAPONS VIOLATION,3870
2011,PUBLIC PEACE VIOLATION,3089
2011,PROSTITUTION,2421
2011,OFFENSE INVOLVING CHILDREN,2207
2011,CRIM SEXUAL ASSAULT,1362
2011,INTERFERENCE WITH PUBLIC OFFICER,1045
2011,SEX OFFENSE,1025
2011,GAMBLING,736
2011,LIQUOR LAW VIOLATION,618
2011,ARSON,502
2011,HOMICIDE,437
2011,KIDNAPPING,265
2011,STALKING,177
2011,INTIMIDATION,169
2011,CRIMINAL SEXUAL ASSAULT,62
2011,OBSCENITY,39
2011,PUBLIC INDECENCY,13
2011,OTHER NARCOTIC VIOLATION,5
2012,THEFT,73956
2012,BATTERY,58931
2012,NARCOTICS,35453
2012,CRIMINAL DAMAGE,35142
2012,BURGLARY,22595
2012,ASSAULT,19853
2012,OTHER OFFENSE,17289
2012,MOTOR VEHICLE THEFT,16174
2012,ROBBERY,13437
2012,DECEPTIVE PRACTICE,13231
2012,CRIMINAL TRESPASS,8196
2012,WEAPONS VIOLATION,3901
2012,PUBLIC PEACE VIOLATION,3002
2012,PROSTITUTION,2204
2012,OFFENSE INVOLVING CHILDREN,2084
2012,CRIM SEXUAL ASSAULT,1291
2012,INTERFERENCE WITH PUBLIC OFFICER,1226
2012,SEX OFFENSE,1011
2012,GAMBLING,724
2012,LIQUOR LAW VIOLATION,571
2012,HOMICIDE,514
2012,ARSON,468
2012,KIDNAPPING,235
2012,STALKING,202
2012,INTIMIDATION,155
2012,CRIMINAL SEXUAL ASSAULT,66
2012,OBSCENITY,26
2012,PUBLIC INDECENCY,17
2012,OTHER NARCOTIC VIOLATION,6
2013,THEFT,70241
2013,BATTERY,53846
2013,NARCOTICS,34110
2013,CRIMINAL DAMAGE,30314
2013,ASSAULT,17925
2013,OTHER OFFENSE,17799
2013,BURGLARY,17715
2013,DECEPTIVE PRACTICE,13266
2013,MOTOR VEHICLE THEFT,12352
2013,ROBBERY,11783
2013,CRIMINAL TRESPASS,8116
2013,WEAPONS VIOLATION,3236
2013,PUBLIC PEACE VIOLATION,3126
2013,OFFENSE INVOLVING CHILDREN,2239
2013,PROSTITUTION,1650
2013,INTERFERENCE WITH PUBLIC OFFICER,1280
2013,CRIM SEXUAL ASSAULT,1170
2013,SEX OFFENSE,971
2013,GAMBLING,595
2013,LIQUOR LAW VIOLATION,463
2013,HOMICIDE,431
2013,ARSON,364
2013,KIDNAPPING,241
2013,STALKING,149
2013,INTIMIDATION,133
2013,CRIMINAL SEXUAL ASSAULT,79
2013,OBSCENITY,25
2013,PUBLIC INDECENCY,10
2013,OTHER NARCOTIC VIOLATION,5
2013,HUMAN TRAFFICKING,1
2014,THEFT,60845
2014,BATTERY,49301
2014,NARCOTICS,29086
2014,CRIMINAL DAMAGE,27457
2014,OTHER OFFENSE,16867
2014,ASSAULT,16866
2014,DECEPTIVE PRACTICE,15335
2014,BURGLARY,14439
2014,MOTOR VEHICLE THEFT,9783
2014,ROBBERY,9773
2014,CRIMINAL TRESPASS,7523
2014,WEAPONS VIOLATION,3110
2014,PUBLIC PEACE VIOLATION,2900
2014,OFFENSE INVOLVING CHILDREN,2248
2014,PROSTITUTION,1622
2014,INTERFERENCE WITH PUBLIC OFFICER,1397
2014,CRIM SEXUAL ASSAULT,1196
2014,SEX OFFENSE,919
2014,HOMICIDE,422
2014,LIQUOR LAW VIOLATION,396
2014,ARSON,396
2014,GAMBLING,393
2014,KIDNAPPING,219
2014,STALKING,139
2014,INTIMIDATION,115
2014,CRIMINAL SEXUAL ASSAULT,76
2014,OBSCENITY,34
2014,CONCEALED CARRY LICENSE VIOLATION,15
2014,PUBLIC INDECENCY,10
2014,OTHER NARCOTIC VIOLATION,10
2014,HUMAN TRAFFICKING,2
2015,THEFT,56787
2015,BATTERY,48779
2015,CRIMINAL DAMAGE,28358
2015,NARCOTICS,23925
2015,OTHER OFFENSE,17415
2015,ASSAULT,17014
2015,DECEPTIVE PRACTICE,15752
2015,BURGLARY,13059
2015,MOTOR VEHICLE THEFT,9947
2015,ROBBERY,9612
2015,CRIMINAL TRESPASS,6385
2015,WEAPONS VIOLATION,3358
2015,PUBLIC PEACE VIOLATION,2412
2015,OFFENSE INVOLVING CHILDREN,2138
2015,PROSTITUTION,1321
2015,INTERFERENCE WITH PUBLIC OFFICER,1306
2015,CRIM SEXUAL ASSAULT,1232
2015,SEX OFFENSE,940
2015,HOMICIDE,498
2015,ARSON,449
2015,GAMBLING,310
2015,LIQUOR LAW VIOLATION,291
2015,KIDNAPPING,189
2015,STALKING,155
2015,INTIMIDATION,122
2015,CRIMINAL SEXUAL ASSAULT,106
2015,OBSCENITY,42
2015,CONCEALED CARRY LICENSE VIOLATION,34
2015,PUBLIC INDECENCY,14
2015,HUMAN TRAFFICKING,12
2015,OTHER NARCOTIC VIOLATION,5
2015,NON-CRIMINAL,1
2016,THEFT,60890
2016,BATTERY,50098
2016,CRIMINAL DAMAGE,30644
2016,ASSAULT,18688
2016,DECEPTIVE PRACTICE,18525
2016,OTHER OFFENSE,17097
2016,BURGLARY,14122
2016,NARCOTICS,13320
2016,ROBBERY,11917
2016,MOTOR VEHICLE THEFT,11133
2016,CRIMINAL TRESPASS,6283
2016,WEAPONS VIOLATION,3444
2016,OFFENSE INVOLVING CHILDREN,2194
2016,PUBLIC PEACE VIOLATION,1605
2016,CRIM SEXUAL ASSAULT,1350
2016,SEX OFFENSE,943
2016,INTERFERENCE WITH PUBLIC OFFICER,935
2016,PROSTITUTION,800
2016,HOMICIDE,785
2016,ARSON,516
2016,LIQUOR LAW VIOLATION,226
2016,KIDNAPPING,200
2016,GAMBLING,189
2016,STALKING,172
2016,INTIMIDATION,133
2016,CRIMINAL SEXUAL ASSAULT,128
2016,OBSCENITY,47
2016,CONCEALED CARRY LICENSE VIOLATION,36
2016,PUBLIC INDECENCY,10
2016,HUMAN TRAFFICKING,9
2016,OTHER NARCOTIC VIOLATION,4
2016,NON-CRIMINAL,1
2017,THEFT,63607
2017,BATTERY,48991
2017,CRIMINAL DAMAGE,28628
2017,ASSAULT,19238
2017,DECEPTIVE PRACTICE,18729
2017,OTHER OFFENSE,17045
2017,BURGLARY,12824
2017,ROBBERY,11831
2017,NARCOTICS,11679
2017,MOTOR VEHICLE THEFT,11197
2017,CRIMINAL TRESPASS,6778
2017,WEAPONS VIOLATION,4678
2017,OFFENSE INVOLVING CHILDREN,2140
2017,PUBLIC PEACE VIOLATION,1496
2017,CRIM SEXUAL ASSAULT,1374
2017,INTERFERENCE WITH PUBLIC OFFICER,1086
2017,SEX OFFENSE,992
2017,PROSTITUTION,734
2017,HOMICIDE,676
2017,ARSON,441
2017,CRIMINAL SEXUAL ASSAULT,204
2017,GAMBLING,191
2017,LIQUOR LAW VIOLATION,190
2017,KIDNAPPING,188
2017,STALKING,184
2017,INTIMIDATION,147
2017,OBSCENITY,82
2017,CONCEALED CARRY LICENSE VIOLATION,69
2017,OTHER NARCOTIC VIOLATION,11
2017,PUBLIC INDECENCY,10
2017,HUMAN TRAFFICKING,7
2017,NON-CRIMINAL,1
2018,THEFT,64365
2018,BATTERY,49577
2018,CRIMINAL DAMAGE,27391
2018,ASSAULT,20341
2018,DECEPTIVE PRACTICE,18909
2018,OTHER OFFENSE,17034
2018,NARCOTICS,13580
2018,BURGLARY,11566
2018,MOTOR VEHICLE THEFT,9812
2018,ROBBERY,9635
2018,CRIMINAL TRESPASS,6869
2018,WEAPONS VIOLATION,5448
2018,OFFENSE INVOLVING CHILDREN,2142
2018,PUBLIC PEACE VIOLATION,1367
2018,INTERFERENCE WITH PUBLIC OFFICER,1306
2018,CRIM SEXUAL ASSAULT,1303
2018,SEX OFFENSE,1177
2018,PROSTITUTION,716
2018,HOMICIDE,599
2018,ARSON,371
2018,CRIMINAL SEXUAL ASSAULT,305
2018,LIQUOR LAW VIOLATION,268
2018,GAMBLING,201
2018,STALKING,200
2018,KIDNAPPING,169
2018,INTIMIDATION,169
2018,CONCEALED CARRY LICENSE VIOLATION,149
2018,OBSCENITY,77
2018,PUBLIC INDECENCY,14
2018,HUMAN TRAFFICKING,11
2018,OTHER NARCOTIC VIOLATION,1
2018,NON-CRIMINAL,1
2019,THEFT,61670
2019,BATTERY,49245
2019,CRIMINAL DAMAGE,26255
2019,ASSAULT,20558
2019,DECEPTIVE PRACTICE,18234
2019,OTHER OFFENSE,16579
2019,NARCOTICS,15065
2019,BURGLARY,9508
2019,MOTOR VEHICLE THEFT,8831
2019,ROBBERY,7950
2019,CRIMINAL TRESPASS,6791
2019,WEAPONS VIOLATION,6328
2019,OFFENSE INVOLVING CHILDREN,2157
2019,INTERFERENCE WITH PUBLIC OFFICER,1543
2019,PUBLIC PEACE VIOLATION,1516
2019,SEX OFFENSE,1292
2019,CRIM SEXUAL ASSAULT,844
2019,CRIMINAL SEXUAL ASSAULT,704
2019,PROSTITUTION,680
2019,HOMICIDE,509
2019,ARSON,372
2019,LIQUOR LAW VIOLATION,230
2019,STALKING,222
2019,CONCEALED CARRY LICENSE VIOLATION,217
2019,KIDNAPPING,173
2019,INTIMIDATION,162
2019,GAMBLING,142
2019,OBSCENITY,55
2019,HUMAN TRAFFICKING,14
2019,PUBLIC INDECENCY,11
2019,OTHER NARCOTIC VIOLATION,8
2019,NON-CRIMINAL,3
2020,BATTERY,41219
2020,THEFT,40390
2020,CRIMINAL DAMAGE,24374
2020,ASSAULT,18164
2020,DECEPTIVE PRACTICE,17038
2020,OTHER OFFENSE,12279
2020,MOTOR VEHICLE THEFT,9763
2020,BURGLARY,8501
2020,WEAPONS VIOLATION,8412
2020,ROBBERY,7826
2020,NARCOTICS,7481
2020,CRIMINAL TRESPASS,4136
2020,OFFENSE INVOLVING CHILDREN,1757
2020,PUBLIC PEACE VIOLATION,1252
2020,CRIMINAL SEXUAL ASSAULT,1050
2020,SEX OFFENSE,886
2020,HOMICIDE,795
2020,INTERFERENCE WITH PUBLIC OFFICER,654
2020,ARSON,586
2020,PROSTITUTION,275
2020,STALKING,192
2020,INTIMIDATION,159
2020,CONCEALED CARRY LICENSE VIOLATION,148
2020,LIQUOR LAW VIOLATION,143
2020,KIDNAPPING,118
2020,CRIM SEXUAL ASSAULT,69
2020,OBSCENITY,52
2020,GAMBLING,25
2020,PUBLIC INDECENCY,9
2020,OTHER NARCOTIC VIOLATION,6
2020,HUMAN TRAFFICKING,5
2020,RITUALISM,1
2020,NON-CRIMINAL,1
2021,BATTERY,39856
2021,THEFT,39315
2021,CRIMINAL DAMAGE,24259
2021,ASSAULT,20052
2021,DECEPTIVE PRACTICE,15655
2021,OTHER OFFENSE,13363
2021,MOTOR VEHICLE THEFT,10265
2021,WEAPONS VIOLATION,8911
2021,ROBBERY,7819
2021,BURGLARY,6386
2021,NARCOTICS,5386
2021,CRIMINAL TRESPASS,3329
2021,OFFENSE INVOLVING CHILDREN,1576
2021,CRIMINAL SEXUAL ASSAULT,1308
2021,SEX OFFENSE,986
2021,HOMICIDE,811
2021,PUBLIC PEACE VIOLATION,589
2021,ARSON,520
2021,STALKING,345
2021,INTERFERENCE WITH PUBLIC OFFICER,311
2021,LIQUOR LAW VIOLATION,182
2021,CONCEALED CARRY LICENSE VIOLATION,173
2021,INTIMIDATION,116
2021,PROSTITUTION,92
2021,KIDNAPPING,85
2021,OBSCENITY,46
2021,GAMBLING,13
2021,HUMAN TRAFFICKING,6
2021,PUBLIC INDECENCY,4
2021,NON-CRIMINAL,4
2021,OTHER NARCOTIC VIOLATION,2
2022,THEFT,52184
2022,BATTERY,39801
2022,CRIMINAL DAMAGE,25870
2022,MOTOR VEHICLE THEFT,20482
2022,ASSAULT,20173
2022,DECEPTIVE PRACTICE,14570
2022,OTHER OFFENSE,13712
2022,ROBBERY,8759
2022,WEAPONS VIOLATION,8627
2022,BURGLARY,7104
2022,NARCOTICS,4693
2022,CRIMINAL TRESPASS,4081
2022,OFFENSE INVOLVING CHILDREN,1502
2022,CRIMINAL SEXUAL ASSAULT,1373
2022,SEX OFFENSE,1074
2022,HOMICIDE,736
2022,PUBLIC PEACE VIOLATION,695
2022,STALKING,412
2022,ARSON,411
2022,INTERFERENCE WITH PUBLIC OFFICER,384
2022,PROSTITUTION,276
2022,LIQUOR LAW VIOLATION,198
2022,CONCEALED CARRY LICENSE VIOLATION,176
2022,INTIMIDATION,174
2022,KIDNAPPING,114
2022,OBSCENITY,43
2022,GAMBLING,9
2022,OTHER NARCOTIC VIOLATION,6
2022,NON-CRIMINAL,5
2022,PUBLIC INDECENCY,5
2022,HUMAN TRAFFICKING,4
2023,THEFT,55445
2023,BATTERY,43522
2023,CRIMINAL DAMAGE,29051
2023,MOTOR VEHICLE THEFT,28168
2023,ASSAULT,22270
2023,DECEPTIVE PRACTICE,15390
2023,OTHER OFFENSE,14958
2023,ROBBERY,10915
2023,WEAPONS VIOLATION,8514
2023,BURGLARY,7166
2023,NARCOTICS,5410
2023,CRIMINAL TRESPASS,4634
2023,CRIMINAL SEXUAL ASSAULT,1417
2023,OFFENSE INVOLVING CHILDREN,1411
2023,SEX OFFENSE,1227
2023,PUBLIC PEACE VIOLATION,848
2023,HOMICIDE,635
2023,INTERFERENCE WITH PUBLIC OFFICER,584
2023,ARSON,507
2023,STALKING,486
2023,INTIMIDATION,229
2023,PROSTITUTION,206
2023,CONCEALED CARRY LICENSE VIOLATION,203
2023,LIQUOR LAW VIOLATION,184
2023,KIDNAPPING,135
2023,OBSCENITY,37
2023,GAMBLING,15
2023,PUBLIC INDECENCY,6
2023,HUMAN TRAFFICKING,6
2023,NON-CRIMINAL,3
2023,OTHER NARCOTIC VIOLATION,2
2024,THEFT,58611
2024,BATTERY,45335
2024,CRIMINAL DAMAGE,27521
2024,ASSAULT,23103
2024,MOTOR VEHICLE THEFT,20896
2024,OTHER OFFENSE,16304
2024,DECEPTIVE PRACTICE,14197
2024,ROBBERY,9007
2024,BURGLARY,8062
2024,WEAPONS VIOLATION,7762
2024,NARCOTICS,5943
2024,CRIMINAL TRESPASS,4860
2024,OFFENSE INVOLVING CHILDREN,1380
2024,CRIMINAL SEXUAL ASSAULT,1364
2024,SEX OFFENSE,1115
2024,PUBLIC PEACE VIOLATION,965
2024,INTERFERENCE WITH PUBLIC OFFICER,681
2024,HOMICIDE,595
2024,STALKING,480
2024,ARSON,477
2024,PROSTITUTION,304
2024,CONCEALED CARRY LICENSE VIOLATION,195
2024,LIQUOR LAW VIOLATION,195
2024,INTIMIDATION,143
2024,KIDNAPPING,95
2024,OBSCENITY,53
2024,GAMBLING,22
2024,PUBLIC INDECENCY,9
2024,HUMAN TRAFFICKING,6
2024,OTHER NARCOTIC VIOLATION,4
2024,NON-CRIMINAL,3
2025,THEFT,51455
2025,BATTERY,40736
2025,CRIMINAL DAMAGE,24382
2025,ASSAULT,20700
2025,MOTOR VEHICLE THEFT,15975
2025,OTHER OFFENSE,15440
2025,DECEPTIVE PRACTICE,12291
2025,BURGLARY,8945
2025,NARCOTICS,7202
2025,ROBBERY,5616
2025,WEAPONS VIOLATION,5245
2025,CRIMINAL TRESPASS,5077
2025,CRIMINAL SEXUAL ASSAULT,1348
2025,OFFENSE INVOLVING CHILDREN,1236
2025,SEX OFFENSE,1112
2025,PUBLIC PEACE VIOLATION,1020
2025,INTERFERENCE WITH PUBLIC OFFICER,881
2025,STALKING,525
2025,HOMICIDE,408
2025,ARSON,363
2025,CONCEALED CARRY LICENSE VIOLATION,265
2025,LIQUOR LAW VIOLATION,191
2025,PROSTITUTION,185
2025,INTIMIDATION,130
2025,KIDNAPPING,84
2025,OBSCENITY,44
2025,GAMBLING,12
2025,OTHER NARCOTIC VIOLATION,10
2025,PUBLIC INDECENCY,9
2025,HUMAN TRAFFICKING,9
2025,NON-CRIMINAL,3
,THEFT,47900
,DECEPTIVE PRACTICE,28205
,CRIMINAL DAMAGE,25979
,OTHER OFFENSE,14495
,MOTOR VEHICLE THEFT,12617
,BATTERY,8027
,BURGLARY,7930
,OFFENSE INVOLVING CHILDREN,6958
,ASSAULT,3321
,SEX OFFENSE,2277
,CRIMINAL SEXUAL ASSAULT,1757
,CRIM SEXUAL ASSAULT,1445
,ROBBERY,1371
,CRIMINAL TRESPASS,1091
,NARCOTICS,880
,WEAPONS VIOLATION,601
,STALKING,266
,PUBLIC PEACE VIOLATION,248
,INTIMIDATION,107
,PROSTITUTION,96
,OBSCENITY,75
,ARSON,72
,INTERFERENCE WITH PUBLIC OFFICER,64
,HUMAN TRAFFICKING,45
,KIDNAPPING,38
,LIQUOR LAW VIOLATION,32
,HOMICIDE,30
,GAMBLING,11
,CONCEALED CARRY LICENSE VIOLATION,8
,OTHER NARCOTIC VIOLATION,2
,PUBLIC INDECENCY,1
